{
  "num": 21,
  "indType": 0,
  "gender": 0,
  "age": 0,
  "pitchType": 0,
  "blocks": [
    {
      "expData": [
        {
          "trial": 0,
          "startAttitude": {
            "pitch": 196.861038,
            "roll": 335.351563
          },
          "finalAttitude": {
            "pitch": 72.51479,
            "roll": 155.351547
          },
          "trialCondition": 0,
          "trialTime": 1.37311935
        },
        {
          "trial": 1,
          "startAttitude": {
            "pitch": 128.203476,
            "roll": 263.197235
          },
          "finalAttitude": {
            "pitch": 306.440521,
            "roll": 71.01873
          },
          "trialCondition": 0,
          "trialTime": 0.8597679
        },
        {
          "trial": 2,
          "startAttitude": {
            "pitch": 16.2653885,
            "roll": 242.476028
          },
          "finalAttitude": {
            "pitch": 314.097076,
            "roll": 296.296326
          },
          "trialCondition": 0,
          "trialTime": 0.715641
        },
        {
          "trial": 3,
          "startAttitude": {
            "pitch": 48.4338722,
            "roll": 84.94393
          },
          "finalAttitude": {
            "pitch": 314.097076,
            "roll": 296.296326
          },
          "trialCondition": 0,
          "trialTime": 0.6222305
        }
      ]
    }
  ]
}